MedInc,HouseAge,AveRooms,AveBedrms,Population,AveOccup,Latitude,Longitude,predicted_price_usd
8.32,41,6.98,1.02,322,2.56,37.88,-122.23,"$426,748"
7.25,21,6.24,0.97,2401,2.11,37.85,-122.22,"$394,188"
5.64,52,8.29,1.07,496,2.8,37.85,-122.24,"$308,628"
3.85,52,5.82,1.07,558,2.55,37.85,-122.25,"$202,634"
4.04,52,6.28,1.08,565,2.18,37.85,-122.25,"$300,201"
3.66,52,4.76,1.1,413,2.14,37.85,-122.25,"$230,714"
3.19,52,4.93,0.98,1094,2.42,37.84,-122.25,"$189,600"
3.03,52,4.8,1.02,1157,2.55,37.84,-122.25,"$205,653"
2.08,42,4.29,1.06,1206,2.11,37.84,-122.26,"$189,191"
3.69,52,4.97,1.09,1551,2.36,37.84,-122.25,"$226,886"
3.98,52,5.98,1.08,910,2.5,37.84,-122.26,"$214,046"
3.65,52,5.6,1.08,1504,2.28,37.84,-122.26,"$246,574"
3.16,52,5.46,1.08,1098,2.39,37.84,-122.26,"$226,301"
2.59,52,5.8,1.1,345,2.22,37.83,-122.26,"$173,280"
2.97,52,6.0,1.04,1212,2.49,37.83,-122.26,"$182,882"
2.49,50,5.68,1.07,697,2.6,37.83,-122.26,"$123,854"
2.99,52,4.76,1.02,793,2.4,37.83,-122.27,"$190,074"
2.8,52,5.1,1.06,648,2.4,37.83,-122.27,"$167,674"
2.88,50,5.26,1.05,990,2.55,37.83,-122.27,"$168,699"
2.19,52,4.9,1.03,690,2.46,37.83,-122.27,"$121,465"
2.37,52,4.96,1.03,690,2.46,37.83,-122.27,"$122,028"
2.14,52,4.96,1.03,624,2.0,37.83,-122.27,"$169,899"
2.3,52,5.07,1.03,573,2.17,37.83,-122.27,"$157,629"
2.0,52,4.78,1.04,557,2.06,37.83,-122.27,"$157,419"
2.37,52,5.48,1.04,625,2.0,37.83,-122.27,"$171,747"
2.5,52,5.15,1.06,620,2.02,37.83,-122.27,"$199,083"
2.95,52,4.78,1.0,768,2.25,37.83,-122.27,"$191,047"
2.6,52,5.05,1.0,667,2.16,37.83,-122.27,"$194,046"
2.98,52,4.78,1.0,715,2.2,37.83,-122.27,"$193,059"
3.0,52,4.97,1.0,736,2.25,37.83,-122.27,"$190,412"
